ID,Text,Countries,Sentences,Characters
0,"One evening, Sarah, an archaeologist from Norway made a surprising discovery about ancient trade routes between Sweden and Norway. As per her research, the artifacts that were found in Norway were identical to those in Sweden, indicating a deep-rooted cultural connection between Sweden and Norway. This piqued the interest of her colleague, James, who was from Canada.","[Norway, Sweden, Norway, Norway, Sweden, Sweden, Norway, Canada, Canada, Canada, Norway, Sweden, Canada, Norway, Canada]",15,369
1,"My friend, Alex from Peru, once recounted his journey to Argentina where he learned about the strong cultural ties between Argentina and Brazil due to their shared history. He spoke fondly of his time in Argentina and Brazil, marveling at the similar music, dance, and culinary traditions that seamlessly bridged the borders of these countries. It reminded me of a documentary I'd watched about the ancient Silk Road that spanned across Iran and China.","[Peru, Argentina, Argentina, Brazil, Argentina, Brazil, Iran, China, Iran, China, Argentina]",11,452
2,"Annie, a marine biologist from Ireland, had always been fascinated by the diverse sealife surrounding the coasts of Australia. She often said that the waters of Australia were some of the most biodiverse in the world, enticing researchers like her from faraway lands like Ireland. Through her explorations, she developed a particular interest in the migratory patterns of certain species, noting that they often ventured towards New Zealand. Annie noticed that from Australia, these marine creatures would cross oceans to reach the coasts of New Zealand, proving the interconnectedness of these ecosystems.","[Ireland, Australia, Australia, Ireland, New Zealand, Australia, New Zealand, Australia]",8,606
3,"During their adventurous journey around the world, Jack and Emily first found themselves in the vibrant markets of India, enamoured by the rich traditions from India reflected in every corner. Their journey then led them to the bustling cityscapes of China, filled with modern marvels that somehow coexisted with ancient traditions from China's past. They then travelled to Australia, where they got lost in the wilderness, and shared stories of the rich biodiversity found in Australia under the southern constellations. Their travel then took them to Argentina, where they were captivated by the diversity of landscapes, from the colossal mountains to the serene lakes of Argentina.","[India, India, China, China, Australia, Australia, Argentina, Argentina, India]",9,684
4,"The origins of James, an anthropologist from Australia, traced back to Ireland, a land of heritage and folklore. He often marveled at the similarities between the indigenous cultures of Australia and the rich, traditional societies of Ireland. His fascination grew more profound when he learned about the ancient ties between Ireland and the United Kingdom. Both the United Kingdom and Ireland, he discovered, had histories deeply intertwined, from shared rulers to common cultural practices.","[Australia, Ireland, Australia, Ireland, Ireland, United Kingdom, United Kingdom, Ireland]",8,492
5,"On his journey across the globe, Mark found himself fascinated by the cultural blend in Argentina where the tango originated. His time in Argentina sparked his interest in Brazil, and he took a short plane ride to the country known for its vast Amazon rainforest. The allure of Brazil was intoxicating, its vibrant festivals and unique wildlife were unlike anything he'd previously seen. He'd soon learn that the wildlife in Australia, however, was equally captivating.","[Argentina, Argentina, Brazil, Brazil, Australia, Australia, Australia]",7,469
6,"As Hannah walked down the bustling streets of Tokyo, Japan, she felt the energy of the city. Japan, with its blend of tradition and modernity, was nothing like her quiet hometown in Ireland. Upon returning to Ireland, she was greeted with the serene green landscape, a stark contrast to the skyscrapers of Japan, but equally beautiful in its own way. After her time in Japan and Ireland, she couldn't help but feel restless, wanting to explore more of the world.","[Japan, Japan, Ireland, Ireland, Japan, Japan, Ireland, Japan, Ireland]",9,462
7,"During his travels in Italy, John discovered a remarkable tale about the intricate trade networks of the past that connected Italy, Greece, and Turkey. Drawn in by the fascinating history, he began researching further about Italy, particularly its ancient maritime links with Greece and Turkey, as well as their shared cultural heritage. This sparked a memory in his friend Anna from the United States, who'd been studying the historical exchanges between the indigenous cultures of the United States and Canada.","[Italy, Italy, Greece, Turkey, Italy, Greece, Turkey, United States, United States, Canada, United States, Canada, Italy]",13,512
8,"Upon his visit to Norway, David, an avid history buff, learned that the Vikings, who hailed from both Norway and Sweden, were not just raiders and traders, but also skillful navigators who discovered new lands. Both Norway and Sweden shared a rich Viking heritage, with numerous historic sites and artifacts revealing their past. He later shared these insights with his friend Susan, who lived in Canada and was equally passionate about history.","[Norway, Norway, Sweden, Norway, Sweden, Canada, Canada, Canada, Norway, Sweden]",10,445
9,"In the heart of Portugal, Jack, a historian, found aged parchments detailing a fascinating relationship with Spain. The parchments spoke of a time when merchants from Portugal would regularly travel to Spain for trade and cultural exchange, hinting at a deeply entwined history between Portugal and Spain. Jack shared this discovery with his colleague, Laura, an anthropologist from Switzerland who was researching similar cultural exchanges.","[Portugal, Spain, Portugal, Spain, Portugal, Spain, Switzerland, Switzerland, Switzerland, Portugal]",10,442
10,"John, an avid traveler from Canada, had spent his summer exploring the heart of Australia, specifically, the Outback. The vast, arid landscapes of Australia presented a stark contrast to the snow-filled winters of his home in Canada, and he reveled in the difference. He then shared stories of his trip to Brazil, where he fell in love with the vibrant rhythms and the people's warm hospitality.","[Canada, Australia, Australia, Canada, Brazil, Brazil]",6,395
11,"On a balmy day, Thomas from Ireland was engrossed in a book detailing the luscious landscapes of South Africa. The text painted images of South Africa's mesmerizing coastlines and diverse wildlife that had always enchanted Thomas, who had a particular fondness for this unique and captivating land. His fascination for South Africa led him to discuss his interest with his friend Maria, who hailed from Brazil.","[Ireland, South Africa, South Africa, South Africa, Brazil]",5,410
12,"John, a history professor from the United States, had always been fascinated by the ancient civilizations of Egypt and their influence in Greece. He spent considerable time studying how Egypt had shaped the thought processes, cultural practices, and literary works of Greece. His colleague, Laura from Argentina, invited him to visit Argentina and Brazil, since these countries also had rich historical relations.","[United States, Egypt, Greece, Egypt, Greece, Argentina, Argentina, Brazil, Argentina, Brazil, United States]",11,413
13,"Alice, a renowned historian from Australia, had always been fascinated with the intriguing ancient cultures of Egypt. These cultures of Egypt, as she discovered, had a profound influence on the art of Greece, which was a testament to the exchange of thoughts and ideas between the nations of the past. While studying ancient cultures, Alice met Daniel, a scholar from Sweden, who was equally interested in historical exchanges and was researching on the close bonds between the United Kingdom and Ireland.","[Australia, Egypt, Egypt, Greece, Sweden, United Kingdom, Ireland, United Kingdom, Ireland, Australia, Australia, Australia]",12,505
14,"John, an enthusiastic historian from Norway, recently uncovered a document referencing a series of secret expeditions from Norway to Russia during the time of the Vikings. Intriguingly, these expeditions didn't go to Russia alone but also to Ukraine, suggesting a robust trading network in the region during that historical period. The document also highlighted the close cultural connections between Russia and Ukraine, despite their turbulent history.","[Norway, Norway, Russia, Russia, Ukraine, Russia, Ukraine, Norway]",8,453
15,"James, an avid traveler from Australia, had just returned from a trip to Argentina where he had been fascinated by the cultural and historical similarities between Argentina and Brazil. He had found that Argentina and Brazil shared not just physical borders, but a rich and intertwined past as well, bringing about a complex yet beautiful tapestry of shared cultures. He excitedly shared these stories with his friend, Lisa, from Canada, who herself had an interesting experience from her visit to Mexico.","[Australia, Argentina, Argentina, Brazil, Argentina, Brazil, Canada, Mexico, Mexico, Mexico, Mexico, Argentina]",12,505
16,"Emily was a well-known archaeologist whose work had taken her across the globe, from the ancient pyramids of Egypt to the uncharted jungles of Brazil. Her research had revealed hidden connections between cultures across time, such as the shared aspects of ancient rituals between Egypt and Greece, a connection that remained a mystery. Meanwhile, her expeditions in Brazil had led her to uncover a long-lost civilization that showed astonishing similarities with ancient societies in Argentina.","[Egypt, Brazil, Egypt, Greece, Brazil, Argentina, Brazil, Argentina, Egypt]",9,494
17,"In the grand museums of Italy, visitors are often amazed by the rich collection of artifacts that tell a story of Italy's vibrant past. Among these artifacts are rare gems and stones that were once believed to have been imported from Egypt and were a sign of Italy's prosperous trade with Egypt. Speaking of gemstones, Jim remembered his visit to South Africa, where he had learnt about diamond mining.","[Italy, Italy, Egypt, Italy, Egypt, South Africa, South Africa, South Africa, Italy, Egypt, South Africa]",11,402
18,"In a small cafe in Norway, Thomas and Maggie were discussing their travels around the world. Thomas started narrating his adventures in Iran, mentioning how he had been fascinated by the ancient architecture and the rich history of Iran. He spoke of the intricate details of Persian carpets from Iran and the fragrant aroma of the local cuisine. Maggie, in turn, shared her experiences from her travels to Poland.","[Norway, Iran, Iran, Iran, Poland, Poland, Poland, Iran]",8,413
19,"On a global excursion, John's first stop was at Argentina, where he learned about the country's fascinating history and its profound influence on Brazil. He discovered that Argentina and Brazil had a long-standing relationship, marked by cultural exchanges, shared regional cuisine, and a fervent football rivalry. From South America, he made his way to the Middle East, where he was drawn to the historical sites of Iran.","[Argentina, Brazil, Argentina, Brazil, Iran, Iran, Argentina, Brazil, Iran]",9,422
20,"John, an archaeologist from Canada, always had an intrigue for the mystery that surrounded the ancient civilizations of Mexico. From the Aztec temples to Mayan ruins, Mexico had always held a special place in his heart. On one of his travels to Mexico, he stumbled across a significant finding that led to the revelation of a forgotten connection between Peru and Mexico. The ruins unveiled a history of trade and cultural exchange between Peru and Mexico, which had faded away with time.","[Canada, Mexico, Mexico, Mexico, Peru, Mexico, Peru, Mexico, Mexico, Peru, Canada, Mexico]",12,488
21,"Emma, a history teacher, recently visited Egypt for an archeological expedition where she unearthed coins from the ancient Egypt era bearing the emblem of Greece. These coins, she learnt, were a solid proof of a powerful alliance between Egypt and Greece during the period of Ptolemaic Pharaohs.","[Egypt, Egypt, Greece, Egypt, Greece, Greece]",6,295
22,"In his travels, John had discovered the rich biodiversity of Australia, with its unique flora and fauna unlike anywhere else on earth. Australia's landscapes, from its vast deserts to lush rainforests, were a testament to the country's geographical diversity. John's next destination was Argentina, a country that greatly contrasted with the landscapes of Australia.","[Australia, Australia, Argentina, Australia, Argentina, Argentina, Argentina]",7,366
23,"Lucas, an avid traveler from Canada, had recently returned from his excursion in Norway. In Norway, he had heard tales of ancient Vikings, their voyages and their mysterious connection with Ireland. Intriguingly, these legends suggested that some of these Vikings had not only raided but settled in parts of Ireland, influencing its early history.","[Canada, Norway, Norway, Ireland, Ireland, Canada]",6,347
24,"Joan, a historian from the United States, stumbled upon an ancient journal detailing the age-old trade relations between Canada and the United States. She was intrigued to find how inhabitants from both Canada and the United States took perilous journeys across the border to exchange goods and knowledge.","[United States, Canada, United States, Canada, United States, Canada]",6,305
25,"Robert, an avid bird watcher from Canada, packed his bags for his most awaited trip to Brazil. He aimed to explore the biodiversity of Brazil, especially the bird species endemic to the region. His trip to Brazil was an eye-opener as he marveled at the varied and vibrant birds he saw, some of which were critically endangered. After a successful expedition in Brazil, his next stop was Australia.","[Canada, Brazil, Brazil, Brazil, Brazil, Australia, Australia, Australia, Australia, Canada]",10,397
26,"John, an avid traveler from Canada, had recently returned from a remarkable trip to Australia. During his time in Australia, he was introduced to the country's ancient aboriginal culture and traditions, which had a profound impact on him. His fascination grew so much that he decided to share his experiences with his childhood friend, Lucy, who was living in the United States.","[Canada, Australia, Australia, United States, Australia, Canada]",6,378
27,"Lucia, an adventurous globetrotter from Argentina, had an insatiable curiosity about the ancient connections between Argentina and Brazil. She had heard tales of a secret path between Argentina and Brazil that the indigenous people used for trade and escape during conflicts. Her interest piqued, she embarked on a journey to South Korea to meet an old historian who specialized in ancient globalization.","[Argentina, Argentina, Brazil, Argentina, Brazil, South Korea, South Korea, South Korea, South Korea, Argentina]",10,404
28,"It was a bustling afternoon in the local market of South Korea, as Liam, a historian from Australia, was talking to a shopkeeper about the local lore. The shopkeeper shared tales about the history of South Korea and its cultural exchange with Russia, their distant neighbor.","[South Korea, Australia, South Korea, Russia, South Korea, Russia, Australia]",7,274
29,"Eva, an historian from Poland, was working on uncovering the story of a secret society from Ukraine. This society, according to the chronicles she found in Poland, was said to have originated from Ukraine and established a network of operations in various European nations. Intrigued, she decided to collaborate with her colleague, Adam, from Norway who specialized in societies like these.","[Poland, Ukraine, Poland, Ukraine, Norway, Norway, Ukraine, Norway, Poland]",9,390
30,"John, an eminent historian from South Africa, was intrigued by the ancient tribes of Australia, whose unique cultural practices presented a rich historical tapestry. He observed a striking similarity between the indigenous cultures of Australia and South Africa, despite being geographically distant. His fascination led him to the United Kingdom, where he dove into the country's vast archives.","[South Africa, Australia, Australia, South Africa, United Kingdom, United Kingdom, Australia, United Kingdom, United Kingdom, Australia, South Africa, Australia]",12,395
31,"As a renowned anthropologist, Alice had journeyed to every continent, but her heart always returned to India. Within India, she had explored the lively markets, sacred temples, and remote villages, each more captivating than the last. After years of fieldwork in India, she had recently turned her attention to the musical traditions of Iran. Mesmerized by the distinctive melodies and rhythms, she found in Iran an entirely different cultural fabric woven with time.","[India, India, India, Iran, Iran, Iran, India, India, Iran, India]",10,467
32,"Tom, a history scholar in the United Kingdom, had always been enraptured by tales of bygone eras, particularly those involving trade and cultural exchange. One day, he stumbled upon a curious old map from Iraq. This map documented ancient trade routes between Iraq and Iran, revealing a deep sense of camaraderie between these historic rivals.","[United Kingdom, Iraq, Iraq, Iran, United Kingdom]",5,343
33,"On a summer vacation, Jane, an archeology enthusiast from the United Kingdom, decided to embark on a journey to Egypt to explore the mystical pyramids. This fascination had been ignited by her reading about the ancient civilizations of Egypt, specifically the Pharaohs and their majestic reign. She also held a deep interest in the historical ties between the United Kingdom and India during colonial times, drawn by the cultural exchanges and conflicts that moulded both nations.","[United Kingdom, Egypt, Egypt, United Kingdom, India, India, India, Egypt]",8,480
34,"In her recent journey, Lisa, an adventurous traveler from the United States, was fascinated by the similarities she noticed between indigenous art forms from Australia and New Zealand. She found that story-telling through art was a common practice among the native people of both Australia and New Zealand, a captivating way to pass down their rich cultural heritage through generations. Intrigued by this, she contacted her good friend, Robert, who had spent many years studying and exploring both South Africa and Kenya.","[United States, Australia, New Zealand, Australia, New Zealand, South Africa, Kenya, South Africa, Kenya, Australia]",10,522
35,"One evening, Sarah, an archaeologist from Norway made a surprising discovery about ancient trade routes between Sweden and Norway. As per her research, the artifacts that were found in Norway were identical to those in Sweden, indicating a deep-rooted cultural connection between Sweden and Norway. This piqued the interest of her colleague, James, who was from Canada.","[Norway, Sweden, Norway, Norway, Sweden, Sweden, Norway, Canada, Canada, Canada, Norway, Sweden, Canada, Norway, Canada]",15,369
36,"My friend, Alex from Peru, once recounted his journey to Argentina where he learned about the strong cultural ties between Argentina and Brazil due to their shared history. He spoke fondly of his time in Argentina and Brazil, marveling at the similar music, dance, and culinary traditions that seamlessly bridged the borders of these countries. It reminded me of a documentary I'd watched about the ancient Silk Road that spanned across Iran and China.","[Peru, Argentina, Argentina, Brazil, Argentina, Brazil, Iran, China, Iran, China, Argentina]",11,452
37,"Annie, a marine biologist from Ireland, had always been fascinated by the diverse sealife surrounding the coasts of Australia. She often said that the waters of Australia were some of the most biodiverse in the world, enticing researchers like her from faraway lands like Ireland. Through her explorations, she developed a particular interest in the migratory patterns of certain species, noting that they often ventured towards New Zealand. Annie noticed that from Australia, these marine creatures would cross oceans to reach the coasts of New Zealand, proving the interconnectedness of these ecosystems.","[Ireland, Australia, Australia, Ireland, New Zealand, Australia, New Zealand, Australia]",8,606
38,"While studying the complex geopolitics of the Cold War, Harry found it fascinating how the United States and Russia had played pivotal roles. He wondered how the United States, a country dedicated to democracy, and Russia, with its communist regime, had become superpowers competing for global influence. On the other hand, his friend Anna from Australia, a political science expert, was studying the lengthy conflict between North Korea and South Korea. Both North Korea and South Korea, despite sharing the same peninsula, developed vastly different political systems causing a taut geopolitical situation.","[United States, Russia, United States, Russia, Australia, North Korea, South Korea, North Korea, South Korea, United States, United States]",11,608
39,"After reading a fascinating book about Australia, John decided to take a journey himself to truly experience the wonders of Australia firsthand. He started his journey from Sydney, exploring the bustling city life before moving towards the quieter parts of Australia, eventually reaching the outback. On returning home to Canada, he shared his incredible experiences of Australia with his childhood friend Sarah, who lived in the United Kingdom.","[Australia, Australia, Australia, Canada, Australia, United Kingdom, Australia]",7,445
40,"During their adventurous journey around the world, Jack and Emily first found themselves in the vibrant markets of India, enamoured by the rich traditions from India reflected in every corner. Their journey then led them to the bustling cityscapes of China, filled with modern marvels that somehow coexisted with ancient traditions from China's past. They then travelled to Australia, where they got lost in the wilderness, and shared stories of the rich biodiversity found in Australia under the southern constellations. Their travel then took them to Argentina, where they were captivated by the diversity of landscapes, from the colossal mountains to the serene lakes of Argentina.","[India, India, China, China, Australia, Australia, Argentina, Argentina, India]",9,684
41,"In her travelogue, Emily wrote about the striking cultural similarities between Mexico and Spain. She felt the powerful impact Spain has had on Mexico's language, food, and traditions during her stay in Mexico, which reminded her of the time when she was in Spain. Intriguingly, Emily's friend, Marc, an avid traveler himself, had fascinating stories about the subtle cultural ties between China and North Korea.","[Mexico, Spain, Spain, Mexico, Mexico, Spain, China, North Korea, China, North Korea, China, Spain, Spain]",13,412
42,"While trekking through the dense forests of Argentina, Rebecca came across a map pointing towards an unexplored cave in Brazil. The map evidently indicated that these caves in Brazil were speckled with ancient drawings that supposedly revealed a deep-seated connection with Argentina. Her curiosity piqued, she decided to delve into this further and bring it to the notice of her friend Jack, who was a historian in Russia.","[Argentina, Brazil, Brazil, Argentina, Russia, Russia, Russia, Argentina]",8,423
43,"Fredrick, a globe-trotting historian, was working on a project studying the bonds between pairs of countries and their shared histories. He began his research in Sweden, intrigued by the historic ties between it and neighbouring Norway. He discovered that despite their geographical proximity, the histories of Sweden and Norway were both intertwined and fiercely independent.","[Sweden, Norway, Sweden, Norway, Sweden, Norway, Sweden]",7,376
44,"Growing up in Norway, Erik was always fascinated by tales of the Vikings who had once ruled the lands and seas. He remembered reading about the journeys of the Vikings from Norway to the far-off lands of Ireland, carrying with them a rich cultural exchange and influence. Intrigued, he decided to travel to Ireland, a country rich in lore and legends. He was not disappointed by his visit to Ireland, which was inundated with an array of ancient structures that narrated a tale of a powerful maritime history that was interconnected with Norway.","[Norway, Norway, Ireland, Ireland, Ireland, Norway]",6,545
45,"On a trip to Norway, Jake stumbled upon an old journal that mentioned a secret Viking expedition from Norway to Canada. It was believed that this expedition had taken place before the known explorations, involving a small group of Vikings from Norway who had discovered and briefly settled in Canada. Intrigued by this revelation, he shared the information with his friend Lucy, who lived in the United Kingdom.","[Norway, Norway, Canada, Norway, Canada, United Kingdom, United Kingdom, United Kingdom, Norway]",9,411
46,"Beginning her journey in France, Jane was mesmerized by the art and culture sensibilities that defined France. Intrigued by the architecture, history, and fashion that was distinctive of France, she was compelled to dig deeper into the historical ties that connected France with neighboring Italy. Italy, with its rich history and cultural heritage, shared an artistic bond with France, both historically and contemporarily.","[France, France, France, France, Italy, Italy, France, Italy]",8,424
47,"James, a historian, found himself engrossed in the medieval stories of knights from the United Kingdom, where armor and chivalry were the symbols of bravery. He was particularly interested in the historical ties between the United Kingdom and Ireland, how the two countries, despite their conflicted history, had shared traditions, myths, and legends. Inspired by these narratives, he wrote to his friend Rosa in Mexico, telling her about his research.","[United Kingdom, United Kingdom, Ireland, Mexico, Mexico, Mexico, Mexico, United Kingdom]",8,452
48,"In the heart of Mexico, a historian named Marta unearthed a series of artifacts that were traced back to the ancient civilization of Peru. This led her to believe that during prehistoric times, there might have been a direct route from Mexico to Peru, allowing a fascinating exchange of ideas, cultures, and traditions. Thrilled by the discovery, she shared the information with her friend Leo, an anthropologist from the United States who had recently been studying cultural connections between the United States and Canada.","[Mexico, Peru, Mexico, Peru, United States, United States, Canada, United States, Canada, Mexico]",10,525
49,"Alice, an archeologist from France, spent her career uncovering the ancient history between France and its neighboring country, Spain. She specialized in the medieval age, focusing particularly on the cross-cultural influences between France and Spain at the time. These nations shared a border and a rich, intertwined history, filled with wars, alliances, and cultural exchange.","[France, France, Spain, France, Spain, France, Spain, Spain, France, Spain]",10,379
50,"Often in his dreams, James would find himself in the enchanting landscapes of Sweden, the country where his grandfather was born, raised, and met his grandmother. Stories of Sweden, of their meetings by the pristine lakes and under the northern lights, would always be his favorites. But his grandmother was from Norway, a land equally captivating with its fjords and vibrant cities.","[Sweden, Sweden, Norway, Norway, Sweden, Norway, Sweden, Norway, Sweden]",9,383
51,"Sophie, an avid traveler and photographer, had recently visited the naturally diverse landscapes of Canada. She was particularly struck by the wildlife in Canada, where she had the rare opportunity to photograph the grizzly bears and orcas. Inspired by her experiences in Canada, she decided to plan her next adventure to Australia, known for its unique flora and fauna. She had always dreamed of photographing the kangaroos and koalas that Australia is famous for.","[Canada, Canada, Canada, Australia, Australia, Canada, Australia, Canada, Australia]",9,465
52,"Robert, an experienced traveler, decided to narrate tales of his adventures in Brazil and Argentina to his friends at a cozy get-together. He described the vibrant culture in Brazil, the passionate people, and how his journey took him all the way to Argentina, where he was welcomed by the warm locals. His descriptions of Argentina and Brazil made his friends eager to hear more about his travels.","[Brazil, Argentina, Brazil, Argentina, Argentina, Brazil, Brazil]",7,398
53,"John, an archaeologist based in Australia, recently discovered a connection between artifacts found in his home country and those discovered in South Africa. This fascinating link between Australia and South Africa had never been explored before and offered a new perspective on ancient trade routes. Inspired by this discovery, John reached out to his colleague, Sarah, in Canada.","[Australia, South Africa, Australia, South Africa, Canada, Canada, Canada, Australia, Canada, Australia]",10,381
54,"When Lara visited Spain, she was drawn to the stories of the local people, their traditions, and history. Spain, with its rich culture, was a treasure trove for Lara, who was an anthropologist from Sweden. She found that the architecture in Spain bore a striking resemblance to the structures she had seen in Italy, leading her to delve into the historical connections between Spain and Italy.","[Spain, Spain, Sweden, Spain, Italy, Spain, Italy, Italy, Spain]",9,393
55,"John, an historian from Mexico, always had a fascination for the ancient civilizations of Egypt. His interest in Egypt ignited when he discovered that there were ties between the Mesoamerican cultures of Mexico and the ancient dynasties of Egypt, possibly through a network of trade routes lost to the annals of history. His research led him to Italy, famous for its connection to Greece through shared mythology and cultural exchanges.","[Mexico, Egypt, Egypt, Mexico, Egypt, Italy, Greece, Italy, Greece, Mexico]",10,436
56,"During his adventures in Brazil, Jack discovered an ancient map detailing trade routes between Brazil and Argentina. The map indicated that spices, precious metals, and unique textiles were frequently traded between Brazil and Argentina, highlighting their historical connection. Intrigued, he shared his discovery with his historian buddy, Mike, who lives in Canada.","[Brazil, Brazil, Argentina, Brazil, Argentina, Canada, Brazil]",7,367
57,"In his quest to decipher the mysteries of the world, Tom began his journey in Iraq, where he uncovered antiquated texts that revealed hidden knowledge from Iran. This knowledge was believed to be carefully guarded secrets of Iran's ancient civilization, preserved for millennia and eventually moved to Iraq for protection. The texts sparked Tom's curiosity about the historical intricacies of other countries and led him to continue his journey to China.","[Iraq, Iran, Iran, Iraq, China, China, China, Iraq]",8,454
58,"Once, on a voyage from Argentina to Australia, Captain Fredericks discovered links between these two countries based on the indigenous art forms. The indigenous people of Argentina and Australia, as he noted, shared similar creation stories depicting a great serpent, which was fascinating. Later, he journeyed to the cold regions of Canada and found evidence of ancient trade links with Russia.","[Argentina, Australia, Argentina, Australia, Canada, Russia, Canada, Russia, Argentina]",9,395
59,"Cora, a history enthusiast from the United States, found an old journal that belonged to her great-grandfather who was a sailor. The journal had detailed accounts of his travels and adventures, and it particularly highlighted his experiences in Cuba. In Cuba, he had discovered a community that was deeply influenced by traditions from Spain.","[United States, Cuba, Cuba, Spain, Spain, Cuba, United States, United States]",8,342
60,"Maria, a renowned historian, stumbled upon a century-old document in Argentina, which pointed out that the Incas from Peru had travelled to Argentina for trading purposes. It illustrated the extensive ties between Argentina and Peru, showcasing an intertwining history of trade and influence that lasted several centuries. The document also suggested intriguing overlaps with similar trade routes between Brazil and Colombia.","[Argentina, Peru, Argentina, Argentina, Peru, Brazil, Colombia, Brazil, Colombia, Brazil, Colombia, Argentina]",12,425
61,"Studying world history, Alice was fascinated by the parallel developments in science and technology in Japan and South Korea. She observed that Japan and South Korea had both made significant advancements in robotics and electronics in the recent past. This prompted her to dive deeper into the technological revolutions of Canada and the United States.","[Japan, South Korea, Japan, South Korea, Canada, United States, Canada, United States, Japan]",9,353
62,"In a quaint coffee shop in France, a group of friends were engaged in a spirited debate about the finest arts and literary traditions around the world. The discussion began when Adam, an aspiring novelist, mentioned how he always admired the elegance of literature from France, citing famous authors who inspired him. He then passed the conversation onto Lisa, who had spent a few years studying in Italy.","[France, France, Italy, Italy, Italy, France]",6,405
63,"Steven, an adventurer from Canada, decided to visit the exotic wildlife in Kenya. One could not help but marvel at the vast diversity in Kenya, where everything seemed part of an intricate web of life. As he explored, tales of another country resonated in his mind - Australia.","[Canada, Kenya, Kenya, Australia, Australia, Kenya, Australia, Australia, Canada, Canada, Kenya]",11,277
64,"As a professor of ancient civilizations, John spent most of his time studying archaeological sites in Mexico. He cherished every moment he spent in Mexico, exploring its rich history and culture. His most significant discoveries, however, came from his expeditions in Peru, where he unearthed ancient artifacts that provided a glimpse into the life of the Incan civilization. Peru, with its breathtaking landscapes and deep-rooted customs, had always fascinated him.","[Mexico, Mexico, Peru, Peru, Mexico]",5,466
65,"Sarah, an archaeologist from the United Kingdom, had been involved in numerous expeditions in Egypt and was intrigued by the historic similarities between key artifacts in both the United Kingdom and Egypt. It was a fascinating correlation she discovered during her research - that both the United Kingdom and Egypt had a shred of commonality in their ancient cultures. She shared her findings with her colleague John from the United States, who was equally interested in the historical interconnections between different countries.","[United Kingdom, Egypt, United Kingdom, Egypt, United Kingdom, Egypt, United States, United States, United States]",9,532
66,"On a crisp autumn day, Jack, an esteemed professor from the United States, began sharing with his class tales of hidden architectural wonders of Mexico. Mexico, he explained, was home to ancient civilizations whose remnants were still visible in the form of grand pyramids and intricate carvings. After Mexico, he turned the discussion towards Italy, and the architectural marvels that stand in testament to their centuries-old history.","[United States, Mexico, Mexico, Mexico, Italy, Italy, Italy, Mexico]",8,436
67,"On a recent cultural exchange trip, Mia from South Korea learned fascinating historical links between North and South Korea. Despite the contemporary political divide, she discovered common roots in their shared history, culture, and tradition, and this was true for both North and South Korea. She discussed this with her roommate, Anne, from Australia, who shared a similar story about Australia's relationship with New Zealand.","[South Korea, South Korea, South Korea, Australia, Australia, New Zealand, Australia, New Zealand, South Korea]",9,430
68,"On her journey around the world, Rebecca discovered a fascinating link between the countries of Ireland and the United Kingdom. She had always been intrigued by the rich history shared by the United Kingdom and Ireland, the tales of conflicts, and the long-standing cultural exchanges that have shaped both nations. Her interest in historical bonds didn't end there; while in the United Kingdom, she came across a book that described the past relations of the United States and Canada. The book detailed how the United States and Canada shared a border and a long history of trade, migration, and sometimes contentious diplomacy.","[Ireland, United Kingdom, United Kingdom, Ireland, United Kingdom, United States, Canada, United States, Canada, Ireland]",10,629
69,"One sunny afternoon, Emily and Robert, an adventurous couple from Spain, decided to visit the beautiful landscapes of Ireland after hearing stories about its mesmerizing beauty. Their friend, who had traveled throughout Ireland, had shared tales of emerald valleys, ancient castles, and warm-hearted locals, compelling them to see it for themselves. Having experienced the charming sites of Ireland, they set their sights on Argentina, inspired by the journey of their close friend Jack, who had raved about his experiences in Argentina and Brazil.","[Spain, Ireland, Ireland, Ireland, Argentina, Argentina, Brazil, Argentina, Brazil, Argentina, Brazil, Spain]",12,548
70,"In the heart of Africa, there is a story that connects Kenya to Egypt. The tale suggests that the ancient kingdoms of Kenya and Egypt shared a bond, trading goods and knowledge across the harsh desert. Jack, a traveler from Ireland, always dreamt of retracing the steps of these ancient traders, from the humid coasts of Kenya, through the barren Sahara, to the marvels of Egypt.","[Kenya, Egypt, Kenya, Egypt, Ireland, Kenya, Egypt, Kenya]",8,379
71,"John, a renowned historian from the United States, specialized in studying the historical ties among nations. He found himself deeply immersed in researching the bond between North Korea and South Korea, noting that despite their political divide, shared history still tied them together.","[United States, North Korea, South Korea, United States, United States, North Korea]",6,288
72,"In a quaint coffee shop in Portugal, Alice found herself immersed in a riveting book about the deep-rooted historical rivalry between Portugal and Spain. The book elaborated how despite their disagreements, Portugal and Spain had a shared heritage that was hard to ignore. Her friend Ben, who had lived in both Spain and Portugal, often spoke about the shared traditions and culture that overpowered their differences.","[Portugal, Portugal, Spain, Portugal, Spain, Spain, Portugal, Spain]",8,418
73,"John, an avid lover of history, had always been fascinated by the ancient civilizations of Egypt and their influence on Greece. The tales of how the Pharaohs' knowledge shaped the philosophies of Greece had amazed him ever since his childhood. His fascination wasn't limited to Egypt and Greece though; he was equally captivated by the historical exchanges between the Persian empires of Iran and the Indus valley civilization in Pakistan.","[Egypt, Greece, Greece, Egypt, Greece, Iran, Pakistan, Iran, Pakistan, Egypt]",10,439
74,"In the peaceful calm of Canada, Bob, a history enthusiast, stumbled across accounts of ancient trading routes between Canada and China. The documents hinted at merchants from China voyaging across the Pacific Ocean to trade with tribes in Canada, creating a bond between these two different worlds. This sparked his curiosity and led him to his friend Maria, a linguist from Brazil who had deep knowledge of ancient languages and cultures.","[Canada, Canada, China, China, Canada, Brazil, Brazil, Brazil, Canada, China]",10,439
75,"In his youth, John had always been fascinated by the heroic tales of the samurais of Japan. He read voraciously about these warriors from Japan, their rigorous discipline, and their peculiar code of honor. Inspired, he decided to learn more about martial arts and ended up in South Korea, enrolling in a Taekwondo academy.","[Japan, Japan, South Korea, South Korea, Japan, South Korea, Japan]",7,322
76,"John was a seasoned traveler and had been to numerous countries around the world. He began his journey in Canada, exploring the vast wilderness and rich cultural heritage of the country. John spent a year in Canada, initially living in the vibrant city of Toronto, then making his way west to the picturesque Rockies. From Canada, he flew to its southern neighbour, the United States, where he was mesmerized by the diversity and spirit of the country.","[Canada, Canada, Canada, United States, United States, United States, Canada]",7,452
77,"John, an avid traveler from Canada, had recently returned from an exciting trip to Japan, a country he had always wanted to visit. He was mesmerized by Japan's rich history and unique culture and was intrigued by the stories he heard about the ancient samurai warriors of Japan. In his conversations with locals, he heard tales of the historic trade relations between Japan and China, and how both Japan and China had influenced each other's art, culture, and technological progress. Captivated by these historical narratives, John decided to take his next adventure to China.","[Canada, Japan, Japan, Japan, Japan, China, Japan, China, China, China, China, China, China, Canada, Japan, China]",16,576
78,"Jenny, a travel enthusiast from the United States, had a particularly fascinating story to tell about her time in Russia. She insisted that the more she traveled around Russia, the more it felt like she was navigating through a book of diverse and complex tales. She further mentioned that the art, culture, and history of Russia left a profound impact on her, making her visit all too memorable. Recently, she met Kazuo, a friend from Japan, who had a completely unique experience in Iran.","[United States, Russia, Russia, Russia, Japan, Iran, Iran, Iran, Iran, Russia, Iran]",11,490
79,"As a historian, Alice was fascinated by the ancient civilizations of Greece and Egypt. She loved reading about how scholars from Greece and Egypt exchanged ideas, contributing to the foundation of philosophical and mathematical thoughts. Alice, who was from the United States, had a longtime friend, Ying, from China.","[Greece, Egypt, Greece, Egypt, United States, China, China, China]",8,317
80,"In the heartland of Argentina, a team of archaeologists unearthed ancient artifacts believed to have links to the indigenous cultures of Brazil. These artifacts were a testament to a historical bond between Argentina and Brazil, bonds that spanned commerce, culture, and shared histories. Intrigued by this, a historian from the United States began researching historical records, asserting there were similar cultural exchanges between United States and Canada.","[Argentina, Brazil, Argentina, Brazil, United States, United States, Canada, United States, Canada, Argentina]",10,462
81,"On a historical expedition in Vietnam, professor Albert uncovered evidence of an ancient civilization that had moved from China. The artifacts had intricate designs and symbols that were distinctly from China's long-lost dynasties, suggesting an unknown migration. Elated from his discovery, Albert decided to share the news with his colleague, professor Catherine, an archaeology expert residing in Canada.","[Vietnam, China, China, Canada, Canada, Canada, Vietnam]",7,407
82,"Travelling through Norway, Anna came across ancient tales of Viking expeditions to Ireland. The stories described how the fierce Vikings from Norway had established settlements in many parts of Ireland, transforming its landscape and culture. After her trip to Norway, she journeyed to Ireland, hoping to unearth more about the Viking history hidden in its verdant valleys.","[Norway, Ireland, Norway, Ireland, Norway, Ireland, Ireland, Ireland, Ireland, Norway, Norway, Ireland]",12,373
83,"In his travels, John had the opportunity to visit Vietnam, where he learned about the country's long-rooted cultural ties with China. It seems that ancient dynasties in Vietnam were deeply influenced by the philosophy, art, and culture from China. He then flew to Japan, another country that shared an intricate and complex history with China.","[Vietnam, China, Vietnam, China, Japan, China, Japan, China, Vietnam]",9,343
84,"As Alice walked the bustling streets of Mexico, she couldn't help but marvel at the vibrancy and warmth that reminded her of her home country, India. She began comparing the street food markets of Mexico with those in India, realizing that despite the wide geographical and cultural distance, there were uncanny similarities. On the other hand, her friend John, who hailed from Australia, shared stories of his homeland.","[Mexico, India, Mexico, India, Australia, Australia, India, Australia]",8,420
85,"In his travels, Jake had been fascinated by the natural wonders of Australia, from its towering cliffs and eucalyptus forests to the bustling wildlife of the outback. His next stop was New Zealand, a land equally renowned for its scenic beauty including shimmering lakes and towering mountains. In contrast to Australia, New Zealand was characterized by a milder climate and more hilly terrain.","[Australia, New Zealand, Australia, New Zealand, Australia, New Zealand, Australia]",7,394
86,"Jane, a seasoned traveler from the United States, had a deep fascination with the cultural ties between countries. She had recently come across some documentaries highlighting the historic threads connecting the United Kingdom to Ireland. In the documentaries about Ireland and the United Kingdom, she learned about the shared history, bloodlines, and contentious political past.","[United States, United Kingdom, Ireland, Ireland, United Kingdom, United States]",6,379
87,"Ella and John are writers who love to travel, drawing inspiration from their journeys. They first set off to Italy, visiting Rome and Venice, finding hidden tales in every corner of Italy. Fascinated by the romances in Italy, they decided to explore France next, getting absorbed in the rich culture and vibrant arts of France.","[Italy, Italy, Italy, France, France, France, France, Italy]",8,327
88,"Sarah, an avid traveler from the United States, had spent a considerable amount of time in France and was fascinated by its history and culture. Her experiences in France had given her a deeper understanding of the world, inspiring her to visit more countries to learn about their histories. She shared her experiences with her friend John from Australia, who was interested in the wildlife and ecology of different regions.","[United States, France, France, Australia, Australia, Australia, United States]",7,424
89,"Once upon a time, there was a history professor from the United States who led an epoch-making expedition to the deep jungles of Mexico. The expedition aimed to uncover the lost cities of Mexico, rumored to hold ancient artifacts dating back thousands of years. Just the thought of setting foot on the same soil that had been tread by ancient civilizations filled the professor and his team from the United States with a surge of adrenaline.","[United States, Mexico, Mexico, United States, Mexico, Mexico, Mexico, United States, United States, Mexico, United States, United States]",12,441
90,"John, a travel blogger from Australia, had been mesmerized by the vibrant culture and history of Mexico, where he was currently exploring. He had taken a particular interest in the ancient Mayan civilization, which once flourished in Mexico and whose influence could still be seen in the country's architecture and traditions. While in Mexico, he had also discovered a shared history with Peru, where Mayan traders were believed to have ventured for trade. By studying the artifacts and tales in Peru, John was able to see a reflection of Mexico's bygone era.","[Australia, Mexico, Mexico, Mexico, Peru, Peru, Mexico, Mexico, Peru, Australia, Australia, Australia, Mexico]",13,559
91,"Maria, who hailed from Australia, gathered with her friends to discuss their recent travels and discoveries. They began with their visits to the United States, reflecting on the mesmerizing cityscapes and diverse cultures that define the United States. They then moved on to describe Canada, reminiscing about Canada's breath-taking landscapes and friendly locals. The conversation shifted as they recounted their experiences in Mexico, marvelling at the vibrant festivals and centuries-old traditions that shape Mexico.","[Australia, United States, United States, Canada, Canada, Mexico, Mexico]",7,520
92,"In the picturesque landscapes of Norway, a budding archaeologist named Peter uncovered a peculiar artifact that hinted at an intricate connection between Norway and Sweden. The artifact insinuated that ages ago, traders from Sweden might have voyaged to Norway, bringing with them unique cultural elements. As he dug deeper, Peter discovered more artifacts resembling those found in Poland, showing evidence of a historical connection between Norway and Poland.","[Norway, Norway, Sweden, Sweden, Norway, Poland, Norway, Poland, Norway, Poland, Norway, Sweden, Poland]",13,461
93,"While Sarah was excited about her upcoming trip to Italy, she fondly remembered her previous journey to Australia and New Zealand. She had made lifelong friends in Australia and had been amazed by the diverse wildlife and stunning landscapes of New Zealand. Back in Italy, she was planning to visit the vineyards, flooded with memories of her visit to France where she had tasted the world's best wines.","[Italy, Australia, New Zealand, Australia, New Zealand, Italy, France, France, Italy]",9,403
94,"As a diplomat from the United States, Michael had the opportunity to travel widely and learn about the intricacies of global politics. Striking up a conversation with a fellow diplomat from Canada at a summit in New York, he learned about the nuanced relationship between the United States and Canada; how they shared not only a border, but a multitude of cultural and economic ties. He was fascinated by the unique dynamics between Australia and New Zealand as well, as he had recently been posted there.","[United States, Canada, United States, Canada, Australia, New Zealand, Australia, New Zealand, United States, United States, United States, United States]",12,505
95,"In the bustling markets of India, Marie, a trained archaeologist, overheard stories of an ancient wall built to protect against invasions from Pakistan. Intriguingly, it seemed that the wall, although iconic in India, was also a point of historical significance for Pakistan, marking a shared past of conflicts and collaborations. Inspired, she recounted the tales to Thomas, an avid historian from Australia, familiar with tales of interlinked histories between Australia and New Zealand.","[India, Pakistan, India, Pakistan, Australia, Australia, New Zealand, New Zealand, Australia, Australia, New Zealand, India]",12,489
96,"In Emily's journey across the globe, she found a peculiar connection between North Korea and South Korea. It was evident that North Korea and South Korea shared deep cultural ties, despite political differences. Emily's travels also led her to the bustling streets of India, where she learned about its longstanding relationship with Iran.","[North Korea, South Korea, North Korea, South Korea, India, Iran, India, Iran, North Korea]",9,339
97,"James, an avid traveler from the United States, found himself in Argentina, fascinated by the rich history and vibrant culture. His curiosity about Argentina's past was sparked by stories about the Indigenous people who had been there long before European settlers arrived. Interestingly, he learned that Argentina had a profound cultural exchange with Brazil, due to their geographical proximity.","[United States, Argentina, Argentina, Argentina, Brazil, Argentina, Brazil, Argentina, Brazil, Argentina]",10,397
98,"John, a history enthusiast from Australia, had always been drawn to the intriguing stories of ancient civilizations and their hidden treasures. During his studies, he found that Australia had been a crossroads of cultures, with influences flowing from the far clubs of Indonesia, enriching the local societies. Indonesia, with its diverse culture and rich history, had a lot more to offer than it had received.","[Australia, Australia, Indonesia, Indonesia, Australia]",5,410
99,"On a recent trip to Mexico, Adam unearthed a collection of old artifacts that seemed to tell the story of a long-gone civilization. The artifacts gave insights into the ancient history of Mexico, revealing a society that was both culturally sophisticated and technologically advanced. Intrigued by his findings, he reached out to his childhood friend Lily, an archaeologist based in the United States. Lily had previously worked on archaeological sites that dated back to the prehistoric period in the United States and the neighboring country, Canada.","[Mexico, Mexico, United States, United States, Canada, United States, Canada, Mexico]",8,552
